experiment_id,ablation,seed,target,n_features,pr_auc,roc_auc,pos_test
ablation|rt_new_stress|ab1_B|seed42,ab1_B,42,rt_new_stress,51,0.42277894668371174,0.707155676126878,20
ablation|rt_new_stress|ab2_B_plus_propagation|seed42,ab2_B_plus_propagation,42,rt_new_stress,61,0.45217776856603253,0.7412646076794658,20
ablation|rt_new_stress|ab3_B_peer_context_only|seed42,ab3_B_peer_context_only,42,rt_new_stress,51,0.42277894668371174,0.707155676126878,20
ablation|rt_new_stress|ab4_propagation_without_peerctx|seed42,ab4_propagation_without_peerctx,42,rt_new_stress,53,0.46933877627035553,0.78860183639399,20
ablation|rt_new_stress|ab5_individual_plus_propagation|seed42,ab5_individual_plus_propagation,42,rt_new_stress,53,0.46933877627035553,0.78860183639399,20
ablation|rt_new_stress|ab6_propagation_alone|seed42,ab6_propagation_alone,42,rt_new_stress,10,0.0031827470386519537,0.5673706176961603,20
ablation|rt_new_stress|ab7_B_minus_peerctx|seed42,ab7_B_minus_peerctx,42,rt_new_stress,43,0.29823366564553244,0.6842696160267112,20
ablation|rt_new_stress|ab1_B|seed101,ab1_B,101,rt_new_stress,51,0.154399456854929,0.6778942532576011,28
ablation|rt_new_stress|ab2_B_plus_propagation|seed101,ab2_B_plus_propagation,101,rt_new_stress,61,0.2580215542880502,0.7844628538017278,28
ablation|rt_new_stress|ab3_B_peer_context_only|seed101,ab3_B_peer_context_only,101,rt_new_stress,51,0.154399456854929,0.6778942532576011,28
ablation|rt_new_stress|ab4_propagation_without_peerctx|seed101,ab4_propagation_without_peerctx,101,rt_new_stress,53,0.2732429991215991,0.748633716767696,28
ablation|rt_new_stress|ab5_individual_plus_propagation|seed101,ab5_individual_plus_propagation,101,rt_new_stress,53,0.2732429991215991,0.748633716767696,28
ablation|rt_new_stress|ab6_propagation_alone|seed101,ab6_propagation_alone,101,rt_new_stress,10,0.005016703167038578,0.6899596081332634,28
ablation|rt_new_stress|ab7_B_minus_peerctx|seed101,ab7_B_minus_peerctx,101,rt_new_stress,43,0.07008658185600655,0.7888898501264856,28
ablation|rt_new_stress|ab1_B|seed202,ab1_B,202,rt_new_stress,51,0.24592772149711242,0.8528025876460766,20
ablation|rt_new_stress|ab2_B_plus_propagation|seed202,ab2_B_plus_propagation,202,rt_new_stress,61,0.07886380358313616,0.7822203672787981,20
ablation|rt_new_stress|ab3_B_peer_context_only|seed202,ab3_B_peer_context_only,202,rt_new_stress,51,0.24592772149711242,0.8528025876460766,20
ablation|rt_new_stress|ab4_propagation_without_peerctx|seed202,ab4_propagation_without_peerctx,202,rt_new_stress,53,0.12155993272542667,0.7636686143572622,20
ablation|rt_new_stress|ab5_individual_plus_propagation|seed202,ab5_individual_plus_propagation,202,rt_new_stress,53,0.12155993272542667,0.7636686143572622,20
ablation|rt_new_stress|ab6_propagation_alone|seed202,ab6_propagation_alone,202,rt_new_stress,10,0.020920999318086123,0.6818927378964942,20
ablation|rt_new_stress|ab7_B_minus_peerctx|seed202,ab7_B_minus_peerctx,202,rt_new_stress,43,0.14332460952289025,0.7037437395659432,20
ablation|rt_new_stress|ab1_B|seed303,ab1_B,303,rt_new_stress,51,0.3278839005158108,0.8008959863150867,16
ablation|rt_new_stress|ab2_B_plus_propagation|seed303,ab2_B_plus_propagation,303,rt_new_stress,61,0.22974669962315117,0.8203151076435247,16
ablation|rt_new_stress|ab3_B_peer_context_only|seed303,ab3_B_peer_context_only,303,rt_new_stress,51,0.3278839005158108,0.8008959863150867,16
ablation|rt_new_stress|ab4_propagation_without_peerctx|seed303,ab4_propagation_without_peerctx,303,rt_new_stress,53,0.3166372272944677,0.9265557201268357,16
ablation|rt_new_stress|ab5_individual_plus_propagation|seed303,ab5_individual_plus_propagation,303,rt_new_stress,53,0.3166372272944677,0.9265557201268357,16
ablation|rt_new_stress|ab6_propagation_alone|seed303,ab6_propagation_alone,303,rt_new_stress,10,0.005760589013705341,0.6816197638518025,16
ablation|rt_new_stress|ab7_B_minus_peerctx|seed303,ab7_B_minus_peerctx,303,rt_new_stress,43,0.19204354330996998,0.7962908878504673,16
ablation|rt_new_stress|ab1_B|seed404,ab1_B,404,rt_new_stress,51,0.258884963244231,0.6787655711266822,12
ablation|rt_new_stress|ab2_B_plus_propagation|seed404,ab2_B_plus_propagation,404,rt_new_stress,61,0.3210613881904224,0.6572301468134801,12
ablation|rt_new_stress|ab3_B_peer_context_only|seed404,ab3_B_peer_context_only,404,rt_new_stress,51,0.258884963244231,0.6787655711266822,12
ablation|rt_new_stress|ab4_propagation_without_peerctx|seed404,ab4_propagation_without_peerctx,404,rt_new_stress,53,0.317519288081853,0.6981530141252364,12
ablation|rt_new_stress|ab5_individual_plus_propagation|seed404,ab5_individual_plus_propagation,404,rt_new_stress,53,0.317519288081853,0.6981530141252364,12
ablation|rt_new_stress|ab6_propagation_alone|seed404,ab6_propagation_alone,404,rt_new_stress,10,0.0016069556862412801,0.6351177566455344,12
ablation|rt_new_stress|ab7_B_minus_peerctx|seed404,ab7_B_minus_peerctx,404,rt_new_stress,43,0.2921666666666667,0.675074379935491,12
ablation|rt_new_stress|ab1_B|seed505,ab1_B,505,rt_new_stress,51,0.10538325980066811,0.5454069282136895,20
ablation|rt_new_stress|ab2_B_plus_propagation|seed505,ab2_B_plus_propagation,505,rt_new_stress,61,0.10508248324640149,0.5219052587646077,20
ablation|rt_new_stress|ab3_B_peer_context_only|seed505,ab3_B_peer_context_only,505,rt_new_stress,51,0.10538325980066811,0.5454069282136895,20
ablation|rt_new_stress|ab4_propagation_without_peerctx|seed505,ab4_propagation_without_peerctx,505,rt_new_stress,53,0.10134112386577808,0.6329465776293822,20
ablation|rt_new_stress|ab5_individual_plus_propagation|seed505,ab5_individual_plus_propagation,505,rt_new_stress,53,0.10134112386577808,0.6329465776293822,20
ablation|rt_new_stress|ab6_propagation_alone|seed505,ab6_propagation_alone,505,rt_new_stress,10,0.0034704582709459324,0.6600354757929883,20
ablation|rt_new_stress|ab7_B_minus_peerctx|seed505,ab7_B_minus_peerctx,505,rt_new_stress,43,0.08702921156293432,0.7812938230383972,20
ablation|rt_new_stress|ab1_B|seed606,ab1_B,606,rt_new_stress,51,0.1572238110652018,0.6970769016826589,15
ablation|rt_new_stress|ab2_B_plus_propagation|seed606,ab2_B_plus_propagation,606,rt_new_stress,61,0.1590095550893821,0.7626811291892645,15
ablation|rt_new_stress|ab3_B_peer_context_only|seed606,ab3_B_peer_context_only,606,rt_new_stress,51,0.08999784521849813,0.7140981782784036,15
ablation|rt_new_stress|ab4_propagation_without_peerctx|seed606,ab4_propagation_without_peerctx,606,rt_new_stress,53,0.11729677201963366,0.6792407175636213,15
ablation|rt_new_stress|ab5_individual_plus_propagation|seed606,ab5_individual_plus_propagation,606,rt_new_stress,53,0.11729677201963366,0.6792407175636213,15
ablation|rt_new_stress|ab6_propagation_alone|seed606,ab6_propagation_alone,606,rt_new_stress,10,0.002668411993444868,0.7353664302600473,15
ablation|rt_new_stress|ab7_B_minus_peerctx|seed606,ab7_B_minus_peerctx,606,rt_new_stress,43,0.12638168369371058,0.7135808649701015,15
ablation|rt_new_stress|ab1_B|seed707,ab1_B,707,rt_new_stress,51,0.06896318784183786,0.498998998998999,12
ablation|rt_new_stress|ab2_B_plus_propagation|seed707,ab2_B_plus_propagation,707,rt_new_stress,61,0.20112134110646102,0.7660542486931375,12
ablation|rt_new_stress|ab3_B_peer_context_only|seed707,ab3_B_peer_context_only,707,rt_new_stress,51,0.06896318784183786,0.498998998998999,12
ablation|rt_new_stress|ab4_propagation_without_peerctx|seed707,ab4_propagation_without_peerctx,707,rt_new_stress,53,0.20345862446164645,0.6173812701590479,12
ablation|rt_new_stress|ab5_individual_plus_propagation|seed707,ab5_individual_plus_propagation,707,rt_new_stress,53,0.20345862446164645,0.6173812701590479,12
ablation|rt_new_stress|ab6_propagation_alone|seed707,ab6_propagation_alone,707,rt_new_stress,10,0.001924030371700964,0.6770346735624512,12
ablation|rt_new_stress|ab7_B_minus_peerctx|seed707,ab7_B_minus_peerctx,707,rt_new_stress,43,0.18827069801808272,0.4980605605605606,12
ablation|rt_new_stress|ab1_B|seed808,ab1_B,808,rt_new_stress,51,0.06930313232762841,0.6642821368948246,20
ablation|rt_new_stress|ab2_B_plus_propagation|seed808,ab2_B_plus_propagation,808,rt_new_stress,61,0.09790385991462622,0.7210141903171954,20
ablation|rt_new_stress|ab3_B_peer_context_only|seed808,ab3_B_peer_context_only,808,rt_new_stress,51,0.12107114165848433,0.7173121869782971,20
ablation|rt_new_stress|ab4_propagation_without_peerctx|seed808,ab4_propagation_without_peerctx,808,rt_new_stress,53,0.12631295082371716,0.7211331385642739,20
ablation|rt_new_stress|ab5_individual_plus_propagation|seed808,ab5_individual_plus_propagation,808,rt_new_stress,53,0.12631295082371716,0.7211331385642739,20
ablation|rt_new_stress|ab6_propagation_alone|seed808,ab6_propagation_alone,808,rt_new_stress,10,0.0017812394852427566,0.45380008347245404,20
ablation|rt_new_stress|ab7_B_minus_peerctx|seed808,ab7_B_minus_peerctx,808,rt_new_stress,43,0.12107114165848433,0.7173121869782971,20
ablation|rt_new_stress|ab1_B|seed909,ab1_B,909,rt_new_stress,51,0.2540916732100891,0.5661528685981576,28
ablation|rt_new_stress|ab2_B_plus_propagation|seed909,ab2_B_plus_propagation,909,rt_new_stress,61,0.15638980781183354,0.6063627631139326,28
ablation|rt_new_stress|ab3_B_peer_context_only|seed909,ab3_B_peer_context_only,909,rt_new_stress,51,0.2540916732100891,0.5661528685981576,28
ablation|rt_new_stress|ab4_propagation_without_peerctx|seed909,ab4_propagation_without_peerctx,909,rt_new_stress,53,0.139502439617414,0.5803153787408716,28
ablation|rt_new_stress|ab5_individual_plus_propagation|seed909,ab5_individual_plus_propagation,909,rt_new_stress,53,0.139502439617414,0.5803153787408716,28
ablation|rt_new_stress|ab6_propagation_alone|seed909,ab6_propagation_alone,909,rt_new_stress,10,0.008936181817654196,0.7013552455730038,28
ablation|rt_new_stress|ab7_B_minus_peerctx|seed909,ab7_B_minus_peerctx,909,rt_new_stress,43,0.13950940322296568,0.5959441076798244,28
