positives,mean,sd,cv,p05,p95
3,0.0052131323904143455,0.022143428425149707,4.247624415958813,0.0003259548832238572,0.015347794306394253
4,0.006175116035156023,0.021150789405368162,3.425164690825726,0.0004313234384110022,0.021262832124077254
7,0.006833814357988248,0.01832286357212046,2.6812059286776386,0.0008735524818743546,0.022297649008662403
8,0.007487844027736883,0.017554115194932957,2.3443484038807485,0.0009860413646864572,0.02676477552070109
10,0.006873654853700047,0.012588292478248771,1.8313826844931804,0.0013247367732836183,0.021925425873359695
20,0.010048904569495387,0.011747508944183568,1.1690337850201593,0.0029895865577543855,0.03089297014924891
50,0.017029368576125605,0.008801711055777216,0.5168548097618142,0.00856334151097586,0.036130861292958553
100,0.02846268911502467,0.00794999668259821,0.27931291560225857,0.018806083891856114,0.04206780670491716
200,0.05095570508173314,0.008348813214344521,0.163844523414071,0.03927116014351955,0.06604283988226518
