positives,median,p90,p99,mx,p_exceed_m2c_lift
3,0.00044716175766739384,0.007054164247563828,0.09944928299900088,0.4943217120444948,0.017
4,0.0005826447270605118,0.007502430079348943,0.12209898463681912,0.2510855279870558,0.019666666666666666
7,0.0008304468013069738,0.008982711627880568,0.10338684332913688,0.15922201106870432,0.015333333333333332
8,0.0008370879008024466,0.008403857370326668,0.09358760733331799,0.13956271948569815,0.017333333333333333
10,0.0010299477674981397,0.009577146732776558,0.08150185160330868,0.13082476500076812,0.014
20,0.0014621058884255198,0.012028897427601416,0.04823670696865485,0.06449633558732838,0.0006666666666666666
50,0.0022045619447431854,0.011252937452939175,0.025785195135187275,0.04609500586913107,0.0
100,0.0031105248870098093,0.009539781741386725,0.01862317756366246,0.031160226321479596,0.0
200,0.003458984070192305,0.00918367974881167,0.015278439507284563,0.026204978330816732,0.0
