experiment_id,seed,target,spec,model,status,pos_test,pr_auc,roc_auc
E4|propagation_vulnerability|A|lgbm|seed42,42,propagation_vulnerability,A,lgbm,ok,7,0.2560130126039737,0.9128837059713404
E4|propagation_vulnerability|A|logreg|seed42,42,propagation_vulnerability,A,logreg,ok,7,0.01697748889174816,0.9499112577575014
E4|propagation_vulnerability|B|lgbm|seed42,42,propagation_vulnerability,B,lgbm,ok,7,0.0005833333333333334,0.4735262236304511
E4|propagation_vulnerability|B|logreg|seed42,42,propagation_vulnerability,B,logreg,ok,7,0.023373545782168974,0.9494586127622064
E4|propagation_vulnerability|C|lgbm|seed42,42,propagation_vulnerability,C,lgbm,ok,7,0.0005833333333333334,0.4735262236304511
E4|propagation_vulnerability|C|logreg|seed42,42,propagation_vulnerability,C,logreg,ok,7,0.03318744927794439,0.9590356279258139
E4|propagation_vulnerability|C2|lgbm|seed42,42,propagation_vulnerability,C2,lgbm,ok,7,0.0005833333333333334,0.4735262236304511
E4|propagation_vulnerability|C2|logreg|seed42,42,propagation_vulnerability,C2,logreg,ok,7,0.02412995391265041,0.9395123345761217
E4|propagation_vulnerability|C3|lgbm|seed42,42,propagation_vulnerability,C3,lgbm,ok,7,0.0005833333333333334,0.4735262236304511
E4|propagation_vulnerability|C3|logreg|seed42,42,propagation_vulnerability,C3,logreg,ok,7,0.04089396589743343,0.9380471941966146
E4|rt_new_stress|A|lgbm|seed42,42,rt_new_stress,A,lgbm,ok,20,0.46933877627035553,0.78860183639399
E4|rt_new_stress|A|logreg|seed42,42,rt_new_stress,A,logreg,ok,20,0.278277308338544,0.7807762938230385
E4|rt_new_stress|B|lgbm|seed42,42,rt_new_stress,B,lgbm,ok,20,0.45217776856603253,0.7412646076794658
E4|rt_new_stress|B|logreg|seed42,42,rt_new_stress,B,logreg,ok,20,0.4394793299501153,0.7515066777963272
E4|rt_new_stress|C|lgbm|seed42,42,rt_new_stress,C,lgbm,ok,20,0.45279699594574574,0.7681156093489149
E4|rt_new_stress|C|logreg|seed42,42,rt_new_stress,C,logreg,ok,20,0.44172243061230976,0.7090901502504174
E4|rt_new_stress|C2|lgbm|seed42,42,rt_new_stress,C2,lgbm,ok,20,0.36511734556837305,0.789382303839733
E4|rt_new_stress|C2|logreg|seed42,42,rt_new_stress,C2,logreg,ok,20,0.44278784177399705,0.699424040066778
E4|rt_new_stress|C3|lgbm|seed42,42,rt_new_stress,C3,lgbm,ok,20,0.4526602323616052,0.7449207011686143
E4|rt_new_stress|C3|logreg|seed42,42,rt_new_stress,C3,logreg,ok,20,0.44098234116467755,0.7117070116861436
E4|propagation_vulnerability|A|lgbm|seed101,101,propagation_vulnerability,A,lgbm,ok,4,0.0003333333333333333,0.49858286095365123
E4|propagation_vulnerability|A|logreg|seed101,101,propagation_vulnerability,A,logreg,ok,4,0.013723360408544223,0.9848699566522174
E4|propagation_vulnerability|B|lgbm|seed101,101,propagation_vulnerability,B,lgbm,ok,4,0.0003333333333333333,0.49858286095365123
E4|propagation_vulnerability|B|logreg|seed101,101,propagation_vulnerability,B,logreg,ok,4,0.008577443368263478,0.9767630876958987
E4|propagation_vulnerability|C|lgbm|seed101,101,propagation_vulnerability,C,lgbm,ok,4,0.0003333333333333333,0.49858286095365123
E4|propagation_vulnerability|C|logreg|seed101,101,propagation_vulnerability,C,logreg,ok,4,0.004766141376058413,0.9571940646882294
E4|propagation_vulnerability|C2|lgbm|seed101,101,propagation_vulnerability,C2,lgbm,ok,4,0.2222222222222222,0.9994164721573859
E4|propagation_vulnerability|C2|logreg|seed101,101,propagation_vulnerability,C2,logreg,ok,4,0.007602429048822677,0.9635086695565188
E4|propagation_vulnerability|C3|lgbm|seed101,101,propagation_vulnerability,C3,lgbm,ok,4,0.016311918454967753,0.7481660553517839
E4|propagation_vulnerability|C3|logreg|seed101,101,propagation_vulnerability,C3,logreg,ok,4,0.06818759238728751,0.9972490830276759
E4|rt_new_stress|A|lgbm|seed101,101,rt_new_stress,A,lgbm,ok,28,0.2732429991215991,0.748633716767696
E4|rt_new_stress|A|logreg|seed101,101,rt_new_stress,A,logreg,ok,28,0.3466504048272206,0.8998884301465324
E4|rt_new_stress|B|lgbm|seed101,101,rt_new_stress,B,lgbm,ok,28,0.2580215542880502,0.7844628538017278
E4|rt_new_stress|B|logreg|seed101,101,rt_new_stress,B,logreg,ok,28,0.31119409678010196,0.9027164574483317
E4|rt_new_stress|C|lgbm|seed101,101,rt_new_stress,C,lgbm,ok,28,0.2913910243798955,0.8156606486563887
E4|rt_new_stress|C|logreg|seed101,101,rt_new_stress,C,logreg,ok,28,0.225652812124724,0.8978777862631855
E4|rt_new_stress|C2|lgbm|seed101,101,rt_new_stress,C2,lgbm,ok,28,0.2804900144301053,0.7947442842823732
E4|rt_new_stress|C2|logreg|seed101,101,rt_new_stress,C2,logreg,ok,28,0.2741674821525558,0.8604571380841011
E4|rt_new_stress|C3|lgbm|seed101,101,rt_new_stress,C3,lgbm,ok,28,0.25880174591830507,0.7951992148346142
E4|rt_new_stress|C3|logreg|seed101,101,rt_new_stress,C3,logreg,ok,28,0.19918347874292916,0.8911865782062909
,202,propagation_vulnerability,,,unscoreable,0,,
E4|rt_new_stress|A|lgbm|seed202,202,rt_new_stress,A,lgbm,ok,20,0.12155993272542667,0.7636686143572622
E4|rt_new_stress|A|logreg|seed202,202,rt_new_stress,A,logreg,ok,20,0.4592652847895674,0.8331218697829716
E4|rt_new_stress|B|lgbm|seed202,202,rt_new_stress,B,lgbm,ok,20,0.07886380358313616,0.7822203672787981
E4|rt_new_stress|B|logreg|seed202,202,rt_new_stress,B,logreg,ok,20,0.47530154059263546,0.8233263772954924
E4|rt_new_stress|C|lgbm|seed202,202,rt_new_stress,C,lgbm,ok,20,0.17884393989707525,0.8099207011686143
E4|rt_new_stress|C|logreg|seed202,202,rt_new_stress,C,logreg,ok,20,0.4692571216018425,0.8205008347245409
E4|rt_new_stress|C2|lgbm|seed202,202,rt_new_stress,C2,lgbm,ok,20,0.15333254839836752,0.7744824707846409
E4|rt_new_stress|C2|logreg|seed202,202,rt_new_stress,C2,logreg,ok,20,0.4418884048878531,0.781168614357262
E4|rt_new_stress|C3|lgbm|seed202,202,rt_new_stress,C3,lgbm,ok,20,0.11659358388712472,0.8600146076794657
E4|rt_new_stress|C3|logreg|seed202,202,rt_new_stress,C3,logreg,ok,20,0.48110180916060646,0.822721202003339
,303,propagation_vulnerability,,,unscoreable,0,,
E4|rt_new_stress|A|lgbm|seed303,303,rt_new_stress,A,lgbm,ok,16,0.3166372272944677,0.9265557201268357
E4|rt_new_stress|A|logreg|seed303,303,rt_new_stress,A,logreg,ok,16,0.2970841412927498,0.8127086114819759
E4|rt_new_stress|B|lgbm|seed303,303,rt_new_stress,B,lgbm,ok,16,0.22974669962315117,0.8203151076435247
E4|rt_new_stress|B|logreg|seed303,303,rt_new_stress,B,logreg,ok,16,0.2459290247327036,0.7696668474632843
E4|rt_new_stress|C|lgbm|seed303,303,rt_new_stress,C,lgbm,ok,16,0.22974669962315117,0.8203151076435247
E4|rt_new_stress|C|logreg|seed303,303,rt_new_stress,C,logreg,ok,16,0.24555201707361807,0.7435799816421895
E4|rt_new_stress|C2|lgbm|seed303,303,rt_new_stress,C2,lgbm,ok,16,0.22657659912018943,0.8199813292723631
E4|rt_new_stress|C2|logreg|seed303,303,rt_new_stress,C2,logreg,ok,16,0.2653372410333986,0.761249374165554
E4|rt_new_stress|C3|lgbm|seed303,303,rt_new_stress,C3,lgbm,ok,16,0.22974669962315117,0.8203151076435247
E4|rt_new_stress|C3|logreg|seed303,303,rt_new_stress,C3,logreg,ok,16,0.24433136128266664,0.7283617740320427
,404,propagation_vulnerability,,,unscoreable,0,,
E4|rt_new_stress|A|lgbm|seed404,404,rt_new_stress,A,lgbm,ok,12,0.317519288081853,0.6981530141252364
E4|rt_new_stress|A|logreg|seed404,404,rt_new_stress,A,logreg,ok,12,0.19906966290470612,0.7612126014903793
E4|rt_new_stress|B|lgbm|seed404,404,rt_new_stress,B,lgbm,ok,12,0.3210613881904224,0.6572301468134801
E4|rt_new_stress|B|logreg|seed404,404,rt_new_stress,B,logreg,ok,12,0.18287829735142694,0.8074741408074741
E4|rt_new_stress|C|lgbm|seed404,404,rt_new_stress,C,lgbm,ok,12,0.30474976244855667,0.6585821933044155
E4|rt_new_stress|C|logreg|seed404,404,rt_new_stress,C,logreg,ok,12,0.1951093146019806,0.8086350239128017
E4|rt_new_stress|C2|lgbm|seed404,404,rt_new_stress,C2,lgbm,ok,12,0.30709855565825234,0.6580608386163942
E4|rt_new_stress|C2|logreg|seed404,404,rt_new_stress,C2,logreg,ok,12,0.03778086782382555,0.8069666889111333
E4|rt_new_stress|C3|lgbm|seed404,404,rt_new_stress,C3,lgbm,ok,12,0.3210613881904224,0.6572301468134801
E4|rt_new_stress|C3|logreg|seed404,404,rt_new_stress,C3,logreg,ok,12,0.18288081905461923,0.8076201201201201
,505,propagation_vulnerability,,,unscoreable,0,,
E4|rt_new_stress|A|lgbm|seed505,505,rt_new_stress,A,lgbm,ok,20,0.10134112386577808,0.6329465776293822
E4|rt_new_stress|A|logreg|seed505,505,rt_new_stress,A,logreg,ok,20,0.2699132812394576,0.6286268781302171
E4|rt_new_stress|B|lgbm|seed505,505,rt_new_stress,B,lgbm,ok,20,0.10508248324640149,0.5219052587646077
E4|rt_new_stress|B|logreg|seed505,505,rt_new_stress,B,logreg,ok,20,0.20711615703245992,0.6037270450751252
E4|rt_new_stress|C|lgbm|seed505,505,rt_new_stress,C,lgbm,ok,20,0.10508545238013553,0.5220054257095159
E4|rt_new_stress|C|logreg|seed505,505,rt_new_stress,C,logreg,ok,20,0.21333206204553135,0.6269198664440735
E4|rt_new_stress|C2|lgbm|seed505,505,rt_new_stress,C2,lgbm,ok,20,0.20421303068291072,0.7900500834724542
E4|rt_new_stress|C2|logreg|seed505,505,rt_new_stress,C2,logreg,ok,20,0.2525394371073601,0.6247913188647746
E4|rt_new_stress|C3|lgbm|seed505,505,rt_new_stress,C3,lgbm,ok,20,0.03689531798674595,0.6516798831385642
E4|rt_new_stress|C3|logreg|seed505,505,rt_new_stress,C3,logreg,ok,20,0.15141192314801388,0.47925292153589316
E4|propagation_vulnerability|A|lgbm|seed606,606,propagation_vulnerability,A,lgbm,ok,3,0.16856795252946516,0.9514045177961157
E4|propagation_vulnerability|A|logreg|seed606,606,propagation_vulnerability,A,logreg,ok,3,0.012596881414085714,0.9870245339112556
E4|propagation_vulnerability|B|lgbm|seed606,606,propagation_vulnerability,B,lgbm,ok,3,0.0018106778649771595,0.9041704870662111
E4|propagation_vulnerability|B|logreg|seed606,606,propagation_vulnerability,B,logreg,ok,3,0.011385769716193626,0.985663082437276
E4|propagation_vulnerability|C|lgbm|seed606,606,propagation_vulnerability,C,lgbm,ok,3,0.0011579359954118577,0.6480786863382513
E4|propagation_vulnerability|C|logreg|seed606,606,propagation_vulnerability,C,logreg,ok,3,0.012017815954823829,0.9863854852602039
E4|propagation_vulnerability|C2|lgbm|seed606,606,propagation_vulnerability,C2,lgbm,ok,3,0.003675607073615492,0.956516907004529
E4|propagation_vulnerability|C2|logreg|seed606,606,propagation_vulnerability,C2,logreg,ok,3,0.024584387217323086,0.9935539440415659
E4|propagation_vulnerability|C3|lgbm|seed606,606,propagation_vulnerability,C3,lgbm,ok,3,0.0004108821199293273,0.5964268844989025
E4|propagation_vulnerability|C3|logreg|seed606,606,propagation_vulnerability,C3,logreg,ok,3,0.01615622032288699,0.9891917423800395
E4|rt_new_stress|A|lgbm|seed606,606,rt_new_stress,A,lgbm,ok,15,0.11729677201963366,0.6792407175636213
E4|rt_new_stress|A|logreg|seed606,606,rt_new_stress,A,logreg,ok,15,0.20164051449566323,0.6423974412460018
E4|rt_new_stress|B|lgbm|seed606,606,rt_new_stress,B,lgbm,ok,15,0.1590095550893821,0.7626811291892645
E4|rt_new_stress|B|logreg|seed606,606,rt_new_stress,B,logreg,ok,15,0.18556667095453008,0.6623612849395077
E4|rt_new_stress|C|lgbm|seed606,606,rt_new_stress,C,lgbm,ok,15,0.07843006452567096,0.6781226533166458
E4|rt_new_stress|C|logreg|seed606,606,rt_new_stress,C,logreg,ok,15,0.18588449491616743,0.6679794187178418
E4|rt_new_stress|C2|lgbm|seed606,606,rt_new_stress,C2,lgbm,ok,15,0.22228136855894298,0.7917730496453901
E4|rt_new_stress|C2|logreg|seed606,606,rt_new_stress,C2,logreg,ok,15,0.18635853699768476,0.6439438186622166
E4|rt_new_stress|C3|lgbm|seed606,606,rt_new_stress,C3,lgbm,ok,15,0.19174341735322845,0.6704185787790293
E4|rt_new_stress|C3|logreg|seed606,606,rt_new_stress,C3,logreg,ok,15,0.2033284925258287,0.6763454317897372
,707,propagation_vulnerability,,,unscoreable,0,,
E4|rt_new_stress|A|lgbm|seed707,707,rt_new_stress,A,lgbm,ok,12,0.20345862446164645,0.6173812701590479
E4|rt_new_stress|A|logreg|seed707,707,rt_new_stress,A,logreg,ok,12,0.25117094105941135,0.6861236236236237
E4|rt_new_stress|B|lgbm|seed707,707,rt_new_stress,B,lgbm,ok,12,0.20112134110646102,0.7660542486931375
E4|rt_new_stress|B|logreg|seed707,707,rt_new_stress,B,logreg,ok,12,0.25111198551584923,0.6698921143365587
E4|rt_new_stress|C|lgbm|seed707,707,rt_new_stress,C,lgbm,ok,12,0.058978059394769716,0.619796880213547
E4|rt_new_stress|C|logreg|seed707,707,rt_new_stress,C,logreg,ok,12,0.2512699020115298,0.7117951284617952
E4|rt_new_stress|C2|lgbm|seed707,707,rt_new_stress,C2,lgbm,ok,12,0.19981156026133923,0.6535980424869314
E4|rt_new_stress|C2|logreg|seed707,707,rt_new_stress,C2,logreg,ok,12,0.23119685570509196,0.7679067956845734
E4|rt_new_stress|C3|lgbm|seed707,707,rt_new_stress,C3,lgbm,ok,12,0.1994982888662452,0.7401846290735179
E4|rt_new_stress|C3|logreg|seed707,707,rt_new_stress,C3,logreg,ok,12,0.25137433877565957,0.7217981870759649
,808,propagation_vulnerability,,,unscoreable,0,,
E4|rt_new_stress|A|lgbm|seed808,808,rt_new_stress,A,lgbm,ok,20,0.12631295082371716,0.7211331385642739
E4|rt_new_stress|A|logreg|seed808,808,rt_new_stress,A,logreg,ok,20,0.2406314284586142,0.765534223706177
E4|rt_new_stress|B|lgbm|seed808,808,rt_new_stress,B,lgbm,ok,20,0.09790385991462622,0.7210141903171954
E4|rt_new_stress|B|logreg|seed808,808,rt_new_stress,B,logreg,ok,20,0.1634716252468431,0.6733722871452421
E4|rt_new_stress|C|lgbm|seed808,808,rt_new_stress,C,lgbm,ok,20,0.09790385991462622,0.7210141903171954
E4|rt_new_stress|C|logreg|seed808,808,rt_new_stress,C,logreg,ok,20,0.15963978039255353,0.755271285475793
E4|rt_new_stress|C2|lgbm|seed808,808,rt_new_stress,C2,lgbm,ok,20,0.06523344668334788,0.6489628547579298
E4|rt_new_stress|C2|logreg|seed808,808,rt_new_stress,C2,logreg,ok,20,0.1689845548843171,0.6786853088480802
E4|rt_new_stress|C3|lgbm|seed808,808,rt_new_stress,C3,lgbm,ok,20,0.09790385991462622,0.7210141903171954
E4|rt_new_stress|C3|logreg|seed808,808,rt_new_stress,C3,logreg,ok,20,0.15190297354379564,0.5784974958263773
E4|propagation_vulnerability|A|lgbm|seed909,909,propagation_vulnerability,A,lgbm,ok,8,0.31487906423473433,0.9731956721147431
E4|propagation_vulnerability|A|logreg|seed909,909,propagation_vulnerability,A,logreg,ok,8,0.7185786435786434,0.9996768679119412
E4|propagation_vulnerability|B|lgbm|seed909,909,propagation_vulnerability,B,lgbm,ok,8,0.31275,0.7074091060707138
E4|propagation_vulnerability|B|logreg|seed909,909,propagation_vulnerability,B,logreg,ok,8,0.3750187312687313,0.9994267011340894
E4|propagation_vulnerability|C|lgbm|seed909,909,propagation_vulnerability,C,lgbm,ok,8,0.31275,0.7074091060707138
E4|propagation_vulnerability|C|logreg|seed909,909,propagation_vulnerability,C,logreg,ok,8,0.3750187312687313,0.9994267011340894
E4|propagation_vulnerability|C2|lgbm|seed909,909,propagation_vulnerability,C2,lgbm,ok,8,0.31275,0.7074091060707138
E4|propagation_vulnerability|C2|logreg|seed909,909,propagation_vulnerability,C2,logreg,ok,8,0.3824592074592075,0.999447548365577
E4|propagation_vulnerability|C3|lgbm|seed909,909,propagation_vulnerability,C3,lgbm,ok,8,0.42105263157894735,0.9995413609072715
E4|propagation_vulnerability|C3|logreg|seed909,909,propagation_vulnerability,C3,logreg,ok,8,0.650296442687747,0.9995830553702468
E4|rt_new_stress|A|lgbm|seed909,909,rt_new_stress,A,lgbm,ok,28,0.139502439617414,0.5803153787408716
E4|rt_new_stress|A|logreg|seed909,909,rt_new_stress,A,logreg,ok,28,0.29722803205821713,0.7678810080664408
E4|rt_new_stress|B|lgbm|seed909,909,rt_new_stress,B,lgbm,ok,28,0.15638980781183354,0.6063627631139326
E4|rt_new_stress|B|logreg|seed909,909,rt_new_stress,B,logreg,ok,28,0.2777749656966737,0.7624695718581451
E4|rt_new_stress|C|lgbm|seed909,909,rt_new_stress,C,lgbm,ok,28,0.15638980781183354,0.6063627631139326
E4|rt_new_stress|C|logreg|seed909,909,rt_new_stress,C,logreg,ok,28,0.31058233788248624,0.7827400840055367
E4|rt_new_stress|C2|lgbm|seed909,909,rt_new_stress,C2,lgbm,ok,28,0.15637279212690017,0.603901663405088
E4|rt_new_stress|C2|logreg|seed909,909,rt_new_stress,C2,logreg,ok,28,0.295069841584148,0.7905708558064054
E4|rt_new_stress|C3|lgbm|seed909,909,rt_new_stress,C3,lgbm,ok,28,0.2981774401357982,0.6899223187437353
E4|rt_new_stress|C3|logreg|seed909,909,rt_new_stress,C3,logreg,ok,28,0.326323588186377,0.7933780010500693
,1201,propagation_vulnerability,,,unscoreable,0,,
E4|rt_new_stress|A|lgbm|seed1201,1201,rt_new_stress,A,lgbm,ok,20,0.1882645259938838,0.7638626878130217
E4|rt_new_stress|A|logreg|seed1201,1201,rt_new_stress,A,logreg,ok,20,0.22516379877427228,0.852813021702838
E4|rt_new_stress|B|lgbm|seed1201,1201,rt_new_stress,B,lgbm,ok,20,0.18863857098773773,0.8176085141903171
E4|rt_new_stress|B|logreg|seed1201,1201,rt_new_stress,B,logreg,ok,20,0.23032225253961594,0.8584599332220366
E4|rt_new_stress|C|lgbm|seed1201,1201,rt_new_stress,C,lgbm,ok,20,0.18863857098773773,0.8176085141903171
E4|rt_new_stress|C|logreg|seed1201,1201,rt_new_stress,C,logreg,ok,20,0.19417398411871592,0.848363939899833
E4|rt_new_stress|C2|lgbm|seed1201,1201,rt_new_stress,C2,lgbm,ok,20,0.18863857098773773,0.8176085141903171
E4|rt_new_stress|C2|logreg|seed1201,1201,rt_new_stress,C2,logreg,ok,20,0.2226185490180833,0.8456719532554257
E4|rt_new_stress|C3|lgbm|seed1201,1201,rt_new_stress,C3,lgbm,ok,20,0.18863857098773773,0.8176085141903171
E4|rt_new_stress|C3|logreg|seed1201,1201,rt_new_stress,C3,logreg,ok,20,0.23021720874773613,0.84279632721202
,1302,propagation_vulnerability,,,unscoreable,0,,
E4|rt_new_stress|A|lgbm|seed1302,1302,rt_new_stress,A,lgbm,ok,16,0.21366070896142564,0.5841799482643525
E4|rt_new_stress|A|logreg|seed1302,1302,rt_new_stress,A,logreg,ok,16,0.2511060087826258,0.5608989068758344
E4|rt_new_stress|B|lgbm|seed1302,1302,rt_new_stress,B,lgbm,ok,16,0.25125364468458244,0.5549143649866489
E4|rt_new_stress|B|logreg|seed1302,1302,rt_new_stress,B,logreg,ok,16,0.25134927172443117,0.6296781124833111
E4|rt_new_stress|C|lgbm|seed1302,1302,rt_new_stress,C,lgbm,ok,16,0.25113908886823944,0.5354039761348465
E4|rt_new_stress|C|logreg|seed1302,1302,rt_new_stress,C,logreg,ok,16,0.25133383408460275,0.6289271111481975
E4|rt_new_stress|C2|lgbm|seed1302,1302,rt_new_stress,C2,lgbm,ok,16,0.25113908886823944,0.5354039761348465
E4|rt_new_stress|C2|logreg|seed1302,1302,rt_new_stress,C2,logreg,ok,16,0.2513359374525408,0.6282595544058744
E4|rt_new_stress|C3|lgbm|seed1302,1302,rt_new_stress,C3,lgbm,ok,16,0.21986804714432126,0.6039511014686247
E4|rt_new_stress|C3|logreg|seed1302,1302,rt_new_stress,C3,logreg,ok,16,0.2512821534704495,0.6221837449933244
E4|propagation_vulnerability|A|lgbm|seed1403,1403,propagation_vulnerability,A,lgbm,ok,1,8.507018290089324e-05,0.4650387532294358
E4|propagation_vulnerability|A|logreg|seed1403,1403,propagation_vulnerability,A,logreg,ok,1,0.00012038040207054291,0.30777564797066426
E4|propagation_vulnerability|B|lgbm|seed1403,1403,propagation_vulnerability,B,lgbm,ok,1,8.42034355001684e-05,0.4996249687473956
E4|propagation_vulnerability|B|logreg|seed1403,1403,propagation_vulnerability,B,logreg,ok,1,0.00011485012059262662,0.2744395366280523
E4|propagation_vulnerability|C|lgbm|seed1403,1403,propagation_vulnerability,C,lgbm,ok,1,8.42034355001684e-05,0.4996249687473956
E4|propagation_vulnerability|C|logreg|seed1403,1403,propagation_vulnerability,C,logreg,ok,1,0.00011527377521613833,0.2771064255354613
E4|propagation_vulnerability|C2|lgbm|seed1403,1403,propagation_vulnerability,C2,lgbm,ok,1,8.42034355001684e-05,0.4996249687473956
E4|propagation_vulnerability|C2|logreg|seed1403,1403,propagation_vulnerability,C2,logreg,ok,1,0.002386634844868735,0.9651637636469705
E4|propagation_vulnerability|C3|lgbm|seed1403,1403,propagation_vulnerability,C3,lgbm,ok,1,8.452370890034655e-05,0.47958163180265023
E4|propagation_vulnerability|C3|logreg|seed1403,1403,propagation_vulnerability,C3,logreg,ok,1,0.0011198208286674132,0.9256604717059755
E4|rt_new_stress|A|lgbm|seed1403,1403,rt_new_stress,A,lgbm,ok,20,0.15846915862081357,0.840469532554257
E4|rt_new_stress|A|logreg|seed1403,1403,rt_new_stress,A,logreg,ok,20,0.5023142924464644,0.8067863105175292
E4|rt_new_stress|B|lgbm|seed1403,1403,rt_new_stress,B,lgbm,ok,20,0.1563276251251073,0.8130968280467444
E4|rt_new_stress|B|logreg|seed1403,1403,rt_new_stress,B,logreg,ok,20,0.43721537365288327,0.7457846410684474
E4|rt_new_stress|C|lgbm|seed1403,1403,rt_new_stress,C,lgbm,ok,20,0.15594601913056708,0.791020450751252
E4|rt_new_stress|C|logreg|seed1403,1403,rt_new_stress,C,logreg,ok,20,0.4906447689032562,0.807491652754591
E4|rt_new_stress|C2|lgbm|seed1403,1403,rt_new_stress,C2,lgbm,ok,20,0.2030484726899711,0.7316151919866445
E4|rt_new_stress|C2|logreg|seed1403,1403,rt_new_stress,C2,logreg,ok,20,0.436567948481981,0.7763397328881471
E4|rt_new_stress|C3|lgbm|seed1403,1403,rt_new_stress,C3,lgbm,ok,20,0.15968455862187347,0.8062917362270451
E4|rt_new_stress|C3|logreg|seed1403,1403,rt_new_stress,C3,logreg,ok,20,0.45190411785336354,0.7543530884808014
E4|propagation_vulnerability|A|lgbm|seed1504,1504,propagation_vulnerability,A,lgbm,ok,8,0.11133395084286703,0.7506723232154768
E4|propagation_vulnerability|A|logreg|seed1504,1504,propagation_vulnerability,A,logreg,ok,8,0.8408549783549784,0.9998123749166111
E4|propagation_vulnerability|B|lgbm|seed1504,1504,propagation_vulnerability,B,lgbm,ok,8,0.013669646845266194,0.7376584389593062
E4|propagation_vulnerability|B|logreg|seed1504,1504,propagation_vulnerability,B,logreg,ok,8,0.2068980632488697,0.9986240827218146
E4|propagation_vulnerability|C|lgbm|seed1504,1504,propagation_vulnerability,C,lgbm,ok,8,0.0011315190506234012,0.18797948632421616
E4|propagation_vulnerability|C|logreg|seed1504,1504,propagation_vulnerability,C,logreg,ok,8,0.7283993783993785,0.9996768679119413
E4|propagation_vulnerability|C2|lgbm|seed1504,1504,propagation_vulnerability,C2,lgbm,ok,8,0.008052697981366461,0.9387456220813877
E4|propagation_vulnerability|C2|logreg|seed1504,1504,propagation_vulnerability,C2,logreg,ok,8,0.7151515151515151,0.9996977151434289
E4|propagation_vulnerability|C3|lgbm|seed1504,1504,propagation_vulnerability,C3,lgbm,ok,8,0.47058823529411764,0.999624749833222
E4|propagation_vulnerability|C3|logreg|seed1504,1504,propagation_vulnerability,C3,logreg,ok,8,0.4266598313966735,0.9993745830553703
E4|rt_new_stress|A|lgbm|seed1504,1504,rt_new_stress,A,lgbm,ok,28,0.2565272725092771,0.6525225526227865
E4|rt_new_stress|A|logreg|seed1504,1504,rt_new_stress,A,logreg,ok,28,0.179316702510145,0.8454727697961911
E4|rt_new_stress|B|lgbm|seed1504,1504,rt_new_stress,B,lgbm,ok,28,0.2915293379899834,0.7276561977948547
E4|rt_new_stress|B|logreg|seed1504,1504,rt_new_stress,B,logreg,ok,28,0.18880075567768898,0.8209989976612095
E4|rt_new_stress|C|lgbm|seed1504,1504,rt_new_stress,C,lgbm,ok,28,0.3218884174682473,0.7295311083003198
E4|rt_new_stress|C|logreg|seed1504,1504,rt_new_stress,C,logreg,ok,28,0.20002389718800737,0.8247995322418977
E4|rt_new_stress|C2|lgbm|seed1504,1504,rt_new_stress,C2,lgbm,ok,28,0.24930279120781612,0.7226206386330007
E4|rt_new_stress|C2|logreg|seed1504,1504,rt_new_stress,C2,logreg,ok,28,0.18106315318240337,0.817308839673524
E4|rt_new_stress|C3|lgbm|seed1504,1504,rt_new_stress,C3,lgbm,ok,28,0.3216780041679368,0.7129119731755047
E4|rt_new_stress|C3|logreg|seed1504,1504,rt_new_stress,C3,logreg,ok,28,0.29787483905927115,0.8118466898954704
E4|propagation_vulnerability|A|lgbm|seed1605,1605,propagation_vulnerability,A,lgbm,ok,3,0.00025,0.20492623155788947
E4|propagation_vulnerability|A|logreg|seed1605,1605,propagation_vulnerability,A,logreg,ok,3,0.15301365301365302,0.9991108888333194
E4|propagation_vulnerability|B|lgbm|seed1605,1605,propagation_vulnerability,B,lgbm,ok,3,0.00025,0.48507960323414184
E4|propagation_vulnerability|B|logreg|seed1605,1605,propagation_vulnerability,B,logreg,ok,3,0.15252525252525254,0.9991108888333194
E4|propagation_vulnerability|C|lgbm|seed1605,1605,propagation_vulnerability,C,lgbm,ok,3,0.00025,0.141952154705343
E4|propagation_vulnerability|C|logreg|seed1605,1605,propagation_vulnerability,C,logreg,ok,3,0.14572649572649574,0.9990553193854019
E4|propagation_vulnerability|C2|lgbm|seed1605,1605,propagation_vulnerability,C2,lgbm,ok,3,0.00025,0.27586063182462284
E4|propagation_vulnerability|C2|logreg|seed1605,1605,propagation_vulnerability,C2,logreg,ok,3,0.17086247086247086,0.9992220277291545
E4|propagation_vulnerability|C3|lgbm|seed1605,1605,propagation_vulnerability,C3,lgbm,ok,3,0.00025,0.4456530799366508
E4|propagation_vulnerability|C3|logreg|seed1605,1605,propagation_vulnerability,C3,logreg,ok,3,0.14206349206349206,0.9990275346614432
E4|rt_new_stress|A|lgbm|seed1605,1605,rt_new_stress,A,lgbm,ok,24,0.19897173450695765,0.7698034958806502
E4|rt_new_stress|A|logreg|seed1605,1605,rt_new_stress,A,logreg,ok,24,0.4505876273188453,0.7844647628590514
E4|rt_new_stress|B|lgbm|seed1605,1605,rt_new_stress,B,lgbm,ok,24,0.19896564130239253,0.767047984858606
E4|rt_new_stress|B|logreg|seed1605,1605,rt_new_stress,B,logreg,ok,24,0.4637922889108062,0.8195105488755288
E4|rt_new_stress|C|lgbm|seed1605,1605,rt_new_stress,C,lgbm,ok,24,0.19896564130239253,0.767047984858606
E4|rt_new_stress|C|logreg|seed1605,1605,rt_new_stress,C,logreg,ok,24,0.47085726024238816,0.8176631039857493
E4|rt_new_stress|C2|lgbm|seed1605,1605,rt_new_stress,C2,lgbm,ok,24,0.19896564130239253,0.8085528696281452
E4|rt_new_stress|C2|logreg|seed1605,1605,rt_new_stress,C2,logreg,ok,24,0.4545388902680268,0.8068289356490759
E4|rt_new_stress|C3|lgbm|seed1605,1605,rt_new_stress,C3,lgbm,ok,24,0.19896564130239253,0.767047984858606
E4|rt_new_stress|C3|logreg|seed1605,1605,rt_new_stress,C3,logreg,ok,24,0.45174484487315536,0.8214797650857271
E4|propagation_vulnerability|A|lgbm|seed1706,1706,propagation_vulnerability,A,lgbm,ok,4,0.0003333333333333333,0.5
E4|propagation_vulnerability|A|logreg|seed1706,1706,propagation_vulnerability,A,logreg,ok,4,0.07073723838429721,0.997311603867956
E4|propagation_vulnerability|B|lgbm|seed1706,1706,propagation_vulnerability,B,lgbm,ok,4,0.0003333333333333333,0.5
E4|propagation_vulnerability|B|logreg|seed1706,1706,propagation_vulnerability,B,logreg,ok,4,0.05994646485521074,0.9968322774258086
E4|propagation_vulnerability|C|lgbm|seed1706,1706,propagation_vulnerability,C,lgbm,ok,4,0.0003333333333333333,0.5
E4|propagation_vulnerability|C|logreg|seed1706,1706,propagation_vulnerability,C,logreg,ok,4,0.0712259969375719,0.9973532844281428
E4|propagation_vulnerability|C2|lgbm|seed1706,1706,propagation_vulnerability,C2,lgbm,ok,4,0.0003333333333333333,0.5
E4|propagation_vulnerability|C2|logreg|seed1706,1706,propagation_vulnerability,C2,logreg,ok,4,0.06603423840265946,0.9971032010670224
E4|propagation_vulnerability|C3|lgbm|seed1706,1706,propagation_vulnerability,C3,lgbm,ok,4,0.0003333333333333333,0.49991663887962656
E4|propagation_vulnerability|C3|logreg|seed1706,1706,propagation_vulnerability,C3,logreg,ok,4,0.0676178057757005,0.9971657219073025
E4|rt_new_stress|A|lgbm|seed1706,1706,rt_new_stress,A,lgbm,ok,28,0.07066907441624218,0.7447228055940052
E4|rt_new_stress|A|logreg|seed1706,1706,rt_new_stress,A,logreg,ok,28,0.1789335583101396,0.6383376688463558
E4|rt_new_stress|B|lgbm|seed1706,1706,rt_new_stress,B,lgbm,ok,28,0.15258095780819927,0.6713671185146294
E4|rt_new_stress|B|logreg|seed1706,1706,rt_new_stress,B,logreg,ok,28,0.11057116127186802,0.6136491098276932
E4|rt_new_stress|C|lgbm|seed1706,1706,rt_new_stress,C,lgbm,ok,28,0.17480762757982066,0.8118750298315117
E4|rt_new_stress|C|logreg|seed1706,1706,rt_new_stress,C,logreg,ok,28,0.14147253594964807,0.6046399933177413
E4|rt_new_stress|C2|lgbm|seed1706,1706,rt_new_stress,C2,lgbm,ok,28,0.12473235099223198,0.8000513101999904
E4|rt_new_stress|C2|logreg|seed1706,1706,rt_new_stress,C2,logreg,ok,28,0.169184166284003,0.6068415588754713
E4|rt_new_stress|C3|lgbm|seed1706,1706,rt_new_stress,C3,lgbm,ok,28,0.16965705415749688,0.6898686220228152
E4|rt_new_stress|C3|logreg|seed1706,1706,rt_new_stress,C3,logreg,ok,28,0.10808464091592407,0.5815026729034414
,1807,propagation_vulnerability,,,unscoreable,0,,
E4|rt_new_stress|A|lgbm|seed1807,1807,rt_new_stress,A,lgbm,ok,4,0.20555555555555557,0.9991976492164054
E4|rt_new_stress|A|logreg|seed1807,1807,rt_new_stress,A,logreg,ok,4,0.3179563492063492,0.9995831943981327
E4|rt_new_stress|B|lgbm|seed1807,1807,rt_new_stress,B,lgbm,ok,4,0.19047619047619047,0.9988746248749585
E4|rt_new_stress|B|logreg|seed1807,1807,rt_new_stress,B,logreg,ok,4,0.4511904761904762,0.999770756918973
E4|rt_new_stress|C|lgbm|seed1807,1807,rt_new_stress,C,lgbm,ok,4,0.19047619047619047,0.9988746248749585
E4|rt_new_stress|C|logreg|seed1807,1807,rt_new_stress,C,logreg,ok,4,0.4303571428571429,0.9997499166388796
E4|rt_new_stress|C2|lgbm|seed1807,1807,rt_new_stress,C2,lgbm,ok,4,0.19047619047619047,0.9988746248749584
E4|rt_new_stress|C2|logreg|seed1807,1807,rt_new_stress,C2,logreg,ok,4,0.4303571428571429,0.9997499166388796
E4|rt_new_stress|C3|lgbm|seed1807,1807,rt_new_stress,C3,lgbm,ok,4,0.19047619047619047,0.9988746248749585
E4|rt_new_stress|C3|logreg|seed1807,1807,rt_new_stress,C3,logreg,ok,4,0.5249999999999999,0.9998332777592531
E4|propagation_vulnerability|A|lgbm|seed1908,1908,propagation_vulnerability,A,lgbm,ok,4,0.26666666666666666,0.9995415138379461
E4|propagation_vulnerability|A|logreg|seed1908,1908,propagation_vulnerability,A,logreg,ok,4,0.012970647344491479,0.9844948316105369
E4|propagation_vulnerability|B|lgbm|seed1908,1908,propagation_vulnerability,B,lgbm,ok,4,0.26666666666666666,0.999541513837946
E4|propagation_vulnerability|B|logreg|seed1908,1908,propagation_vulnerability,B,logreg,ok,4,0.014488192631384974,0.9862662554184728
E4|propagation_vulnerability|C|lgbm|seed1908,1908,propagation_vulnerability,C,lgbm,ok,4,0.26666666666666666,0.999541513837946
E4|propagation_vulnerability|C|logreg|seed1908,1908,propagation_vulnerability,C,logreg,ok,4,0.01625063360191873,0.9876208736245414
E4|propagation_vulnerability|C2|lgbm|seed1908,1908,propagation_vulnerability,C2,lgbm,ok,4,0.36363636363636365,0.9995415138379461
E4|propagation_vulnerability|C2|logreg|seed1908,1908,propagation_vulnerability,C2,logreg,ok,4,0.15559387003798594,0.9952067355785261
E4|propagation_vulnerability|C3|lgbm|seed1908,1908,propagation_vulnerability,C3,lgbm,ok,4,0.027243589743589744,0.9940396798932978
E4|propagation_vulnerability|C3|logreg|seed1908,1908,propagation_vulnerability,C3,logreg,ok,4,0.02167419688773125,0.9909344781593865
E4|rt_new_stress|A|lgbm|seed1908,1908,rt_new_stress,A,lgbm,ok,24,0.32950082338419473,0.8313971693386775
E4|rt_new_stress|A|logreg|seed1908,1908,rt_new_stress,A,logreg,ok,24,0.3544281348213081,0.8136864005789356
E4|rt_new_stress|B|lgbm|seed1908,1908,rt_new_stress,B,lgbm,ok,24,0.06180483519106502,0.7441775912936985
E4|rt_new_stress|B|logreg|seed1908,1908,rt_new_stress,B,logreg,ok,24,0.4153900915812395,0.8289773992429303
E4|rt_new_stress|C|lgbm|seed1908,1908,rt_new_stress,C,lgbm,ok,24,0.07360918635612711,0.7639602120908484
E4|rt_new_stress|C|logreg|seed1908,1908,rt_new_stress,C,logreg,ok,24,0.4071808514693526,0.8323800378534847
E4|rt_new_stress|C2|lgbm|seed1908,1908,rt_new_stress,C2,lgbm,ok,24,0.1806146121299485,0.7745056084391004
E4|rt_new_stress|C2|logreg|seed1908,1908,rt_new_stress,C2,logreg,ok,24,0.4015865688889227,0.855019065909597
E4|rt_new_stress|C3|lgbm|seed1908,1908,rt_new_stress,C3,lgbm,ok,24,0.056610440775133386,0.7447533956802495
E4|rt_new_stress|C3|logreg|seed1908,1908,rt_new_stress,C3,logreg,ok,24,0.3800068497239546,0.8409979681585393
,2009,propagation_vulnerability,,,unscoreable,0,,
E4|rt_new_stress|A|lgbm|seed2009,2009,rt_new_stress,A,lgbm,ok,16,0.2639232381452627,0.6166372872162884
E4|rt_new_stress|A|logreg|seed2009,2009,rt_new_stress,A,logreg,ok,16,0.28477435416388247,0.7391678487983979
E4|rt_new_stress|B|lgbm|seed2009,2009,rt_new_stress,B,lgbm,ok,16,0.23905126931215182,0.5916638851802403
E4|rt_new_stress|B|logreg|seed2009,2009,rt_new_stress,B,logreg,ok,16,0.2939824035964448,0.7701935914552737
E4|rt_new_stress|C|lgbm|seed2009,2009,rt_new_stress,C,lgbm,ok,16,0.19903651840339254,0.6719427987316422
E4|rt_new_stress|C|logreg|seed2009,2009,rt_new_stress,C,logreg,ok,16,0.29915721232482356,0.7649887349799732
E4|rt_new_stress|C2|lgbm|seed2009,2009,rt_new_stress,C2,lgbm,ok,16,0.30298096128373037,0.47556116488651534
E4|rt_new_stress|C2|logreg|seed2009,2009,rt_new_stress,C2,logreg,ok,16,0.3067102890960899,0.7583027369826435
E4|rt_new_stress|C3|lgbm|seed2009,2009,rt_new_stress,C3,lgbm,ok,16,0.21097676058447906,0.5915387182910546
E4|rt_new_stress|C3|logreg|seed2009,2009,rt_new_stress,C3,logreg,ok,16,0.31004284832024503,0.7532491238317758
,2110,propagation_vulnerability,,,unscoreable,0,,
E4|rt_new_stress|A|lgbm|seed2110,2110,rt_new_stress,A,lgbm,ok,4,0.02108729083777759,0.614506918972991
E4|rt_new_stress|A|logreg|seed2110,2110,rt_new_stress,A,logreg,ok,4,0.2503773624272775,0.6278759586528843
E4|rt_new_stress|B|lgbm|seed2110,2110,rt_new_stress,B,lgbm,ok,4,0.03597195126440166,0.46729118039346446
E4|rt_new_stress|B|logreg|seed2110,2110,rt_new_stress,B,logreg,ok,4,0.25030899187105665,0.5452025675225075
E4|rt_new_stress|C|lgbm|seed2110,2110,rt_new_stress,C,lgbm,ok,4,0.028036086715267014,0.5454005501833944
E4|rt_new_stress|C|logreg|seed2110,2110,rt_new_stress,C,logreg,ok,4,0.019620600208222597,0.6396090363454485
E4|rt_new_stress|C2|lgbm|seed2110,2110,rt_new_stress,C2,lgbm,ok,4,0.06275830893748924,0.5455047515838612
E4|rt_new_stress|C2|logreg|seed2110,2110,rt_new_stress,C2,logreg,ok,4,0.018196084005477616,0.5853826275425142
E4|rt_new_stress|C3|lgbm|seed2110,2110,rt_new_stress,C3,lgbm,ok,4,0.016916666666666667,0.5377000666888964
E4|rt_new_stress|C3|logreg|seed2110,2110,rt_new_stress,C3,logreg,ok,4,0.2503723838949464,0.6227909303101034
