experiment_id,target,regime,model_spec,seed,pr_auc,roc_auc,n_trees,pos_test,n_unique_pred
imbalance|propagation_vulnerability|default|B|seed42,propagation_vulnerability,default,B,42,0.0005833333333333334,0.4735262236304511,1,7,4
imbalance|propagation_vulnerability|default|B+P5_process|seed42,propagation_vulnerability,default,B+P5_process,42,0.0005833333333333334,0.4735262236304511,1,7,4
imbalance|propagation_vulnerability|balanced_weight|B|seed42,propagation_vulnerability,balanced_weight,B,42,0.025198094378643253,0.9096437207418614,24,7,14
imbalance|propagation_vulnerability|balanced_weight|B+P5_process|seed42,propagation_vulnerability,balanced_weight,B+P5_process,42,0.025198094378643253,0.9096437207418614,24,7,14
imbalance|propagation_vulnerability|low_min_child|B|seed42,propagation_vulnerability,low_min_child,B,42,0.0005833333333333334,0.4735262236304511,1,7,4
imbalance|propagation_vulnerability|low_min_child|B+P5_process|seed42,propagation_vulnerability,low_min_child,B+P5_process,42,0.0005833333333333334,0.4735262236304511,1,7,4
imbalance|propagation_vulnerability|balanced+lowmin|B|seed42,propagation_vulnerability,balanced+lowmin,B,42,0.05739285714285714,0.7838739264571,1,7,3
imbalance|propagation_vulnerability|balanced+lowmin|B+P5_process|seed42,propagation_vulnerability,balanced+lowmin,B+P5_process,42,0.05739285714285714,0.7838739264571,1,7,3
imbalance|propagation_vulnerability|default|B|seed101,propagation_vulnerability,default,B,101,0.0003333333333333333,0.4991663887962654,1,4,4
imbalance|propagation_vulnerability|default|B+P5_process|seed101,propagation_vulnerability,default,B+P5_process,101,0.0003333333333333333,0.4991663887962654,1,4,4
imbalance|propagation_vulnerability|balanced_weight|B|seed101,propagation_vulnerability,balanced_weight,B,101,0.0196078431372549,0.9916638879626543,1,4,3
imbalance|propagation_vulnerability|balanced_weight|B+P5_process|seed101,propagation_vulnerability,balanced_weight,B+P5_process,101,0.0196078431372549,0.9916638879626543,1,4,3
imbalance|propagation_vulnerability|low_min_child|B|seed101,propagation_vulnerability,low_min_child,B,101,0.01238390092879257,0.9866622207402468,1,4,3
imbalance|propagation_vulnerability|low_min_child|B+P5_process|seed101,propagation_vulnerability,low_min_child,B+P5_process,101,0.01238390092879257,0.9866622207402468,1,4,3
imbalance|propagation_vulnerability|balanced+lowmin|B|seed101,propagation_vulnerability,balanced+lowmin,B,101,0.001817355747387551,0.9084278092697566,16,4,5
imbalance|propagation_vulnerability|balanced+lowmin|B+P5_process|seed101,propagation_vulnerability,balanced+lowmin,B+P5_process,101,0.012944983818770227,0.9872874291430477,1,4,4
imbalance|propagation_vulnerability|default|B|seed606,propagation_vulnerability,default,B,606,0.027378483972740588,0.9941652079686589,200,3,847
imbalance|propagation_vulnerability|default|B+P5_process|seed606,propagation_vulnerability,default,B+P5_process,606,0.0006942788772915372,0.7011197243755382,200,3,899
imbalance|propagation_vulnerability|balanced_weight|B|seed606,propagation_vulnerability,balanced_weight,B,606,0.027522935779816515,0.995582228890556,102,3,2
imbalance|propagation_vulnerability|balanced_weight|B+P5_process|seed606,propagation_vulnerability,balanced_weight,B+P5_process,606,0.0012135922330097086,0.8970992748187047,110,3,2
imbalance|propagation_vulnerability|low_min_child|B|seed606,propagation_vulnerability,low_min_child,B,606,0.058503401360544216,0.9978050068072574,200,3,1406
imbalance|propagation_vulnerability|low_min_child|B+P5_process|seed606,propagation_vulnerability,low_min_child,B+P5_process,606,0.05696316262353998,0.9976938679114222,200,3,1198
imbalance|propagation_vulnerability|balanced+lowmin|B|seed606,propagation_vulnerability,balanced+lowmin,B,606,0.00025,0.49745769775777277,95,3,4
imbalance|propagation_vulnerability|balanced+lowmin|B+P5_process|seed606,propagation_vulnerability,balanced+lowmin,B+P5_process,606,0.00025,0.4636992581478703,113,3,6
imbalance|propagation_vulnerability|default|B|seed909,propagation_vulnerability,default,B,909,0.31290738728951656,0.7730309789859907,1,8,7
imbalance|propagation_vulnerability|default|B+P5_process|seed909,propagation_vulnerability,default,B+P5_process,909,0.31290738728951656,0.7730309789859907,1,8,7
imbalance|propagation_vulnerability|balanced_weight|B|seed909,propagation_vulnerability,balanced_weight,B,909,0.03007518796992481,0.9892428285523682,1,8,4
imbalance|propagation_vulnerability|balanced_weight|B+P5_process|seed909,propagation_vulnerability,balanced_weight,B+P5_process,909,0.008988764044943821,0.9632254836557705,1,8,4
imbalance|propagation_vulnerability|low_min_child|B|seed909,propagation_vulnerability,low_min_child,B,909,0.5224376114081997,0.9421697798532356,7,8,47
imbalance|propagation_vulnerability|low_min_child|B+P5_process|seed909,propagation_vulnerability,low_min_child,B+P5_process,909,0.14911928116626103,0.697021972981988,37,8,142
imbalance|propagation_vulnerability|balanced+lowmin|B|seed909,propagation_vulnerability,balanced+lowmin,B,909,0.020401099341999678,0.862679286190794,2,8,11
imbalance|propagation_vulnerability|balanced+lowmin|B+P5_process|seed909,propagation_vulnerability,balanced+lowmin,B+P5_process,909,0.005533799237799898,0.8228662858572382,2,8,10
imbalance|rt_new_stress|default|B|seed42,rt_new_stress,default,B,42,0.42277894668371174,0.707155676126878,6,20,110
imbalance|rt_new_stress|default|B+P5_process|seed42,rt_new_stress,default,B+P5_process,42,0.41978381202286796,0.7018405676126878,15,20,229
imbalance|rt_new_stress|balanced_weight|B|seed42,rt_new_stress,balanced_weight,B,42,0.00985641756497819,0.82279632721202,8,20,32
imbalance|rt_new_stress|balanced_weight|B+P5_process|seed42,rt_new_stress,balanced_weight,B+P5_process,42,0.009866143608847952,0.8237666944908181,8,20,40
imbalance|rt_new_stress|low_min_child|B|seed42,rt_new_stress,low_min_child,B,42,0.3129540700471057,0.42811352253756263,7,20,118
imbalance|rt_new_stress|low_min_child|B+P5_process|seed42,rt_new_stress,low_min_child,B+P5_process,42,0.31295412412958634,0.42815525876460775,7,20,117
imbalance|rt_new_stress|balanced+lowmin|B|seed42,rt_new_stress,balanced+lowmin,B,42,0.18747004684531535,0.6097579298831386,1,20,7
imbalance|rt_new_stress|balanced+lowmin|B+P5_process|seed42,rt_new_stress,balanced+lowmin,B+P5_process,42,0.18747004684531535,0.6097579298831386,1,20,7
imbalance|rt_new_stress|default|B|seed101,rt_new_stress,default,B,101,0.154399456854929,0.6778942532576011,30,28,203
imbalance|rt_new_stress|default|B+P5_process|seed101,rt_new_stress,default,B+P5_process,101,0.16619023628172863,0.751542289150876,43,28,363
imbalance|rt_new_stress|balanced_weight|B|seed101,rt_new_stress,balanced_weight,B,101,0.07088220551378445,0.6873120614767793,1,28,7
imbalance|rt_new_stress|balanced_weight|B+P5_process|seed101,rt_new_stress,balanced_weight,B+P5_process,101,0.07088220551378445,0.6873120614767793,1,28,7
imbalance|rt_new_stress|low_min_child|B|seed101,rt_new_stress,low_min_child,B,101,0.2877329185392021,0.7101227268388144,25,28,267
imbalance|rt_new_stress|low_min_child|B+P5_process|seed101,rt_new_stress,low_min_child,B+P5_process,101,0.2592059438295132,0.6701171781776526,10,28,138
imbalance|rt_new_stress|balanced+lowmin|B|seed101,rt_new_stress,balanced+lowmin,B,101,0.007472385861561119,0.6120322418977615,16,28,38
imbalance|rt_new_stress|balanced+lowmin|B+P5_process|seed101,rt_new_stress,balanced+lowmin,B+P5_process,101,0.018300040355125103,0.6606247911794186,18,28,15
imbalance|rt_new_stress|default|B|seed202,rt_new_stress,default,B,202,0.24592772149711242,0.8528025876460766,10,20,107
imbalance|rt_new_stress|default|B+P5_process|seed202,rt_new_stress,default,B+P5_process,202,0.3192739032688513,0.8442842237061768,17,20,159
imbalance|rt_new_stress|balanced_weight|B|seed202,rt_new_stress,balanced_weight,B,202,0.007830993434625169,0.650517529215359,4,20,49
imbalance|rt_new_stress|balanced_weight|B+P5_process|seed202,rt_new_stress,balanced_weight,B+P5_process,202,0.007830993434625169,0.650517529215359,4,20,49
imbalance|rt_new_stress|low_min_child|B|seed202,rt_new_stress,low_min_child,B,202,0.38335656345478325,0.7915901502504175,15,20,267
imbalance|rt_new_stress|low_min_child|B+P5_process|seed202,rt_new_stress,low_min_child,B+P5_process,202,0.33088445908789,0.7973956594323873,2,20,28
imbalance|rt_new_stress|balanced+lowmin|B|seed202,rt_new_stress,balanced+lowmin,B,202,0.040035714285714286,0.7650396494156928,1,20,6
imbalance|rt_new_stress|balanced+lowmin|B+P5_process|seed202,rt_new_stress,balanced+lowmin,B+P5_process,202,0.040035714285714286,0.7650396494156928,1,20,6
imbalance|rt_new_stress|default|B|seed303,rt_new_stress,default,B,303,0.3278839005158108,0.8008959863150867,27,16,227
imbalance|rt_new_stress|default|B+P5_process|seed303,rt_new_stress,default,B+P5_process,303,0.33311221003601843,0.786233206775701,9,16,79
imbalance|rt_new_stress|balanced_weight|B|seed303,rt_new_stress,balanced_weight,B,303,0.01531490618857817,0.7113182159546061,3,16,30
imbalance|rt_new_stress|balanced_weight|B+P5_process|seed303,rt_new_stress,balanced_weight,B+P5_process,303,0.26649848126358866,0.7181215579105475,1,16,9
imbalance|rt_new_stress|low_min_child|B|seed303,rt_new_stress,low_min_child,B,303,0.23010010314429788,0.6730614778037384,27,16,215
imbalance|rt_new_stress|low_min_child|B+P5_process|seed303,rt_new_stress,low_min_child,B+P5_process,303,0.271528450160333,0.7616300901201603,16,16,197
imbalance|rt_new_stress|balanced+lowmin|B|seed303,rt_new_stress,balanced+lowmin,B,303,0.004544919454770756,0.6641068299399199,1,16,7
imbalance|rt_new_stress|balanced+lowmin|B+P5_process|seed303,rt_new_stress,balanced+lowmin,B+P5_process,303,0.004544919454770756,0.6641068299399199,1,16,7
imbalance|rt_new_stress|default|B|seed404,rt_new_stress,default,B,404,0.258884963244231,0.6787655711266822,3,12,18
imbalance|rt_new_stress|default|B+P5_process|seed404,rt_new_stress,default,B+P5_process,404,0.258884963244231,0.6787655711266822,3,12,18
imbalance|rt_new_stress|balanced_weight|B|seed404,rt_new_stress,balanced_weight,B,404,0.08476834969611968,0.748585390946502,1,12,3
imbalance|rt_new_stress|balanced_weight|B+P5_process|seed404,rt_new_stress,balanced_weight,B+P5_process,404,0.08476834969611968,0.748585390946502,1,12,3
imbalance|rt_new_stress|low_min_child|B|seed404,rt_new_stress,low_min_child,B,404,0.4590245931650419,0.7007285062840618,18,12,103
imbalance|rt_new_stress|low_min_child|B+P5_process|seed404,rt_new_stress,low_min_child,B+P5_process,404,0.3596716695268926,0.710912301190079,11,12,65
imbalance|rt_new_stress|balanced+lowmin|B|seed404,rt_new_stress,balanced+lowmin,B,404,0.024739518765730505,0.7573128684239796,3,12,22
imbalance|rt_new_stress|balanced+lowmin|B+P5_process|seed404,rt_new_stress,balanced+lowmin,B+P5_process,404,0.024866736319418648,0.7898141196752307,3,12,22
imbalance|rt_new_stress|default|B|seed505,rt_new_stress,default,B,505,0.10538325980066811,0.5454069282136895,7,20,120
imbalance|rt_new_stress|default|B+P5_process|seed505,rt_new_stress,default,B+P5_process,505,0.10538325980066811,0.5454069282136895,7,20,120
imbalance|rt_new_stress|balanced_weight|B|seed505,rt_new_stress,balanced_weight,B,505,0.0017701627899810745,0.5087604340567613,3,20,17
imbalance|rt_new_stress|balanced_weight|B+P5_process|seed505,rt_new_stress,balanced_weight,B+P5_process,505,0.0019544552502421125,0.5074436560934892,3,20,18
imbalance|rt_new_stress|low_min_child|B|seed505,rt_new_stress,low_min_child,B,505,0.10192117268811775,0.5725020868113523,2,20,15
imbalance|rt_new_stress|low_min_child|B+P5_process|seed505,rt_new_stress,low_min_child,B+P5_process,505,0.10192117268811775,0.5725020868113523,2,20,15
imbalance|rt_new_stress|balanced+lowmin|B|seed505,rt_new_stress,balanced+lowmin,B,505,0.0019557770759828447,0.5353130217028381,3,20,20
imbalance|rt_new_stress|balanced+lowmin|B+P5_process|seed505,rt_new_stress,balanced+lowmin,B+P5_process,505,0.001916604774070939,0.5357909015025042,53,20,168
imbalance|rt_new_stress|default|B|seed606,rt_new_stress,default,B,606,0.1572238110652018,0.6970769016826589,3,15,42
imbalance|rt_new_stress|default|B+P5_process|seed606,rt_new_stress,default,B+P5_process,606,0.12718632829322887,0.8714170490891392,61,15,353
imbalance|rt_new_stress|balanced_weight|B|seed606,rt_new_stress,balanced_weight,B,606,0.005364436800163271,0.6128243637880685,30,15,278
imbalance|rt_new_stress|balanced_weight|B+P5_process|seed606,rt_new_stress,balanced_weight,B+P5_process,606,0.017551526144218142,0.5390905298289528,33,15,143
imbalance|rt_new_stress|low_min_child|B|seed606,rt_new_stress,low_min_child,B,606,0.2336676781869713,0.5756139618968155,7,15,159
imbalance|rt_new_stress|low_min_child|B+P5_process|seed606,rt_new_stress,low_min_child,B+P5_process,606,0.21363073039695982,0.6004227506605478,2,15,22
imbalance|rt_new_stress|balanced+lowmin|B|seed606,rt_new_stress,balanced+lowmin,B,606,0.13478790170512042,0.5696898901404533,6,15,86
imbalance|rt_new_stress|balanced+lowmin|B+P5_process|seed606,rt_new_stress,balanced+lowmin,B+P5_process,606,0.20145652033084024,0.5752690863579475,6,15,73
imbalance|rt_new_stress|default|B|seed707,rt_new_stress,default,B,707,0.06896318784183786,0.498998998998999,27,12,113
imbalance|rt_new_stress|default|B+P5_process|seed707,rt_new_stress,default,B+P5_process,707,0.06082160531562469,0.8181619119119119,27,12,81
imbalance|rt_new_stress|balanced_weight|B|seed707,rt_new_stress,balanced_weight,B,707,0.010599663214669094,0.6568651985318652,4,12,46
imbalance|rt_new_stress|balanced_weight|B+P5_process|seed707,rt_new_stress,balanced_weight,B+P5_process,707,0.001000109907933256,0.47674758091424757,4,12,15
imbalance|rt_new_stress|low_min_child|B|seed707,rt_new_stress,low_min_child,B,707,0.251362647044349,0.6747685185185186,20,12,165
imbalance|rt_new_stress|low_min_child|B+P5_process|seed707,rt_new_stress,low_min_child,B+P5_process,707,0.25122519576604596,0.630422088755422,11,12,128
imbalance|rt_new_stress|balanced+lowmin|B|seed707,rt_new_stress,balanced+lowmin,B,707,0.04484414971404971,0.6062173284395506,2,12,19
imbalance|rt_new_stress|balanced+lowmin|B+P5_process|seed707,rt_new_stress,balanced+lowmin,B+P5_process,707,0.11741666666666667,0.6221951117784452,1,12,5
imbalance|rt_new_stress|default|B|seed808,rt_new_stress,default,B,808,0.06930313232762841,0.6642821368948246,8,20,77
imbalance|rt_new_stress|default|B+P5_process|seed808,rt_new_stress,default,B+P5_process,808,0.06930313232762841,0.6642821368948246,8,20,77
imbalance|rt_new_stress|balanced_weight|B|seed808,rt_new_stress,balanced_weight,B,808,0.003613593510557984,0.5984181969949918,18,20,37
imbalance|rt_new_stress|balanced_weight|B+P5_process|seed808,rt_new_stress,balanced_weight,B+P5_process,808,0.003922513088719826,0.603313856427379,31,20,54
imbalance|rt_new_stress|low_min_child|B|seed808,rt_new_stress,low_min_child,B,808,0.17627946918934856,0.5742070116861435,28,20,202
imbalance|rt_new_stress|low_min_child|B+P5_process|seed808,rt_new_stress,low_min_child,B+P5_process,808,0.17610246439001132,0.6691527545909848,1,20,8
imbalance|rt_new_stress|balanced+lowmin|B|seed808,rt_new_stress,balanced+lowmin,B,808,0.0037831858407079647,0.6782345575959934,43,20,15
imbalance|rt_new_stress|balanced+lowmin|B+P5_process|seed808,rt_new_stress,balanced+lowmin,B+P5_process,808,0.0020592736678782834,0.5960997495826377,21,20,16
imbalance|rt_new_stress|default|B|seed909,rt_new_stress,default,B,909,0.2540916732100891,0.5661528685981576,4,28,55
imbalance|rt_new_stress|default|B+P5_process|seed909,rt_new_stress,default,B+P5_process,909,0.2540916732100891,0.5661528685981576,4,28,55
imbalance|rt_new_stress|balanced_weight|B|seed909,rt_new_stress,balanced_weight,B,909,0.0021442523042989707,0.4327180086869362,3,28,41
imbalance|rt_new_stress|balanced_weight|B+P5_process|seed909,rt_new_stress,balanced_weight,B+P5_process,909,0.0021442523042989707,0.4327180086869362,3,28,41
imbalance|rt_new_stress|low_min_child|B|seed909,rt_new_stress,low_min_child,B,909,0.31944641225423115,0.7110758436351486,32,28,163
imbalance|rt_new_stress|low_min_child|B+P5_process|seed909,rt_new_stress,low_min_child,B+P5_process,909,0.3182128962271152,0.6374606224046585,13,28,75
imbalance|rt_new_stress|balanced+lowmin|B|seed909,rt_new_stress,balanced+lowmin,B,909,0.002982877468513329,0.6030633979284998,40,28,121
imbalance|rt_new_stress|balanced+lowmin|B+P5_process|seed909,rt_new_stress,balanced+lowmin,B+P5_process,909,0.0031147702197190687,0.5346791322609898,24,28,322
